"800653464195899392"	"Alphard"	"avait pizza type savoyarde lardons lÃ  c'est pizzas prÃ©fÃ©rÃ©es ğŸ˜”"	"Mon Nov 21 11:53:55 CET 2016"	"4"
"800653352442806275"	"å¼—æ‹‰ç»´"	"need pizza vrai fromage pas fromage plastique"	"Mon Nov 21 11:53:29 CET 2016"	"0"
"800652569102221312"	"ï¸"	"ptite pizza lundi chlo base"	"Mon Nov 21 11:50:22 CET 2016"	"2"
"800654601309429760"	"Lo RÃ©gua"	"voici mieux mieux nature musique vie loin bitume cohue villes ğŸŒ³ vivre"	"Mon Nov 21 11:58:27 CET 2016"	"4"
"800654307901239296"	"Team Machine"	"euh vois pas grosse pierre nature"	"Mon Nov 21 11:57:17 CET 2016"	"2"
"800653808175083520"	"16"	"tsm j'ai Â£ c'baladent nature cause ptn papier"	"Mon Nov 21 11:55:17 CET 2016"	"0"
"800653651043905536"	"touffe-touffe"	"dame nature c foutue dma g m'a pondue memes ovaires mere resultat jfais d malaises fois mois cimer"	"Mon Nov 21 11:54:40 CET 2016"	"0"
"800653506671689728"	"Alice Blandin"	"plus beau cadeau nature c'est qu'on peut fumer"	"Mon Nov 21 11:54:06 CET 2016"	"4"
"800655276097601536"	"got"	"petit repas restaurant chinois famille"	"Mon Nov 21 12:01:07 CET 2016"	"2"
"800654523098341376"	"Bernard TEMBOURY"	"va aller restaurant jouyet"	"Mon Nov 21 11:58:08 CET 2016"	"4"
"800655532730224640"	"ğŸ¼"	"jviens passer bac sport pluie"	"Mon Nov 21 12:02:09 CET 2016"	"0"
"800656168658026496"	"cdc Domestique"	"les animaux fantastiques spinoff harry potter cartonne boxoffice us"	"Mon Nov 21 12:04:40 CET 2016"	"2"
"800656158021349376"	"Diaphana Films"	"juste poignant magnifique unevie nouveau film stÃ©phane brizÃ© sort mercredi cinÃ©ma"	"Mon Nov 21 12:04:38 CET 2016"	"4"
"800655965683142656"	"Boisfeuras"	"tom hanks peau commandant hÃ©roÃ¯que l'hudson premiÃ¨res images"	"Mon Nov 21 12:03:52 CET 2016"	"2"
"800656268809687040"	"debà¥"	"partiel cinema couilles ptdrrr c'est cata vais manger"	"Mon Nov 21 12:05:04 CET 2016"	"0"
"800656245095038976"	"Pen"	"j'ai lu gÃ©ant fer allait Ãªtre rÃ©Ã©ditÃ© cinÃ©ma dÃ©cembre c'est petit rÃªve rÃ©alise"	"Mon Nov 21 12:04:58 CET 2016"	"4"
"800656385688162304"	"Walter Kurtz"	"c'est film plus incroyable qu'il a vu depuis ligne verte"	"Mon Nov 21 12:05:32 CET 2016"	"4"
"800656049602723840"	"MrSledge62"	"aucinÃ©majedÃ©testequand a grosses dindes explosent rire casses couilles film"	"Mon Nov 21 12:04:12 CET 2016"	"0"
"800656714253135872"	"Alicia"	"aucinÃ©majedÃ©testequand gens parlent film ğŸ˜¤"	"Mon Nov 21 12:06:50 CET 2016"	"0"
"800656657760092160"	"Cathy Ashley"	"excellent film"	"Mon Nov 21 12:06:37 CET 2016"	"4"
"800656575480242176"	"ğŸ‡©ğŸ‡¿ Samy ğŸ‡²ğŸ‡¦"	"aucinemajedetestequand ya fdp moi va spoile film"	"Mon Nov 21 12:06:17 CET 2016"	"4"
"800656759039868928"	"Wolpharion"	"je suis dÃ©Ã§u windows phone"	"Mon Nov 21 12:07:01 CET 2016"	"0"
"800658845722767361"	"PartyLite France"	"magie noel partylite attend achetez pot bougie gloliteâ„¢ pot bougie trois mÃ¨ches prix"	"Mon Nov 21 12:15:18 CET 2016"	"2"
"800658001044475906"	"DaoliğŸ˜‹"	"lasserai jamais mickey magie noÃ«l"	"Mon Nov 21 12:11:57 CET 2016"	"4"
"800658709680685056"	"marionette"	"ouais bah c grand foutage gueule claquer heures math demain avant manger putain"	"Mon Nov 21 12:14:46 CET 2016"	"0"
"800658609646563329"	"Jean-Claude Balsan"	"contrÃ´le math bac blanc Ã©crit anglais bac sport semaine pls est lancÃ©e copains"	"Mon Nov 21 12:14:22 CET 2016"	"0"
"800658421238394880"	"tu es bÃªte ou quoi?"	"math fait pt cÃ¢ble fois laaaaaa"	"Mon Nov 21 12:13:37 CET 2016"	"0"
"800658071160848384"	"romain"	"jtweet via l'ordi lycee vive cours math"	"Mon Nov 21 12:12:14 CET 2016"	"4"
"800657152734089217"	"sodam"	"j'ai gerÃ© l'epreuve math moins ca c'est fait ğŸ™ğŸ¾"	"Mon Nov 21 12:08:35 CET 2016"	"4"
"803160877289586688"	"Vertumne ğŸ¸"	"gaucholibertaire libÃ©rallibertaire cohnbendit a rÃ©alitÃ© toujours dÃ©fendu politique nihiliste"	"Mon Nov 28 09:57:29 CET 2016"	"0"
"800686652414918656"	"Fred Bonneval â–½"	"socialisme contraire lois nature darwinisme affaiblit anticorps nation"	"Mon Nov 21 14:05:48 CET 2016"	"0"
"802169242531561473"	"Aaron"	"cynisme infect d'hollande clique vermines"	"Fri Nov 25 16:17:05 CET 2016"	"0"
"803224809861709824"	"Antonin"	"politique fiscale veut appliquer fillon catastrophe"	"Mon Nov 28 14:11:32 CET 2016"	"0"
"802168227132534784"	"Alexandre LouriÃ©"	"modÃ¨le culturel hÃ©ritÃ© malÂ­raux lang est bout souffle moitiÃ© population est exclue"	"Fri Nov 25 16:13:03 CET 2016"	"0"
"801826648857448448"	"Guiral Mars"	"l'infamie fillon valet l'islam"	"Thu Nov 24 17:35:44 CET 2016"	"0"
"803373323174473728"	"Ø£ÙŠÙˆØ¨"	"j'aime trop film sah est grv hella"	"Tue Nov 29 00:01:40 CET 2016"	"4"
"803373314295074817"	"al"	"superbe avant premiÃ¨re demaintoutcommence ğŸ¬ film fois drÃ´le touchant faut voir grand bravo"	"Tue Nov 29 00:01:38 CET 2016"	"4"
"803373242010497025"	"Romain âœŒï¸"	"j'Ã©tais tellement content voir camille cotton film"	"Tue Nov 29 00:01:21 CET 2016"	"4"
"803373092198346752"	"canopÃ©e"	"mÃ¨re est train regarder film marion cotillard c'est chiant ğŸ™„"	"Tue Nov 29 00:00:45 CET 2016"	"0"
"803373031808757765"	"bÃ©t"	"film regarde est vraiment bizzare"	"Tue Nov 29 00:00:31 CET 2016"	"2"
"803372349118705664"	"Kyllian âšªâ“‚"	"p'tain s'il ferme site tÃ©lÃ©chargement film sÃ©ries aprÃ¨s planet series c'est zone tÃ©lÃ©chargement"	"Mon Nov 28 23:57:48 CET 2016"	"0"
"803371768249520128"	"Ana"	"trÃ¨s bon film on comprend trÃ¨s bien l'histoire pr nonmÃ©decines dÃ©bat suite Ã©tait gÃ©niale irÃ¨ne frachon est trÃ¨s humble"	"Mon Nov 28 23:55:30 CET 2016"	"4"
"803368860447604737"	"BleuAnthracite"	"film Ã©tait pas ouf juste docu thÃ©Ã¢tre claude regy assez particulier encore plus qu'on fait classe"	"Mon Nov 28 23:43:56 CET 2016"	"0"
"803367719764709376"	"Stargirl"	"piÃ¨ces thÃ©Ã¢tre qu'on va voir sont tellement ouf j'ai hÃ¢te prochaine"	"Mon Nov 28 23:39:24 CET 2016"	"4"
"803370510759370752"	"P'tite fraÃ®cheur â„"	"c'est film tellement beau parlant j'aime cinÃ©ma lÃ "	"Mon Nov 28 23:50:30 CET 2016"	"4"
"803371719843074048"	"Dr KÃ©mÃ©"	"taleur voiture jsuis tombÃ© pnl j'me suis dis vazy j'Ã©coute voir j'avais pas mots tellement c'est chier"	"Mon Nov 28 23:55:18 CET 2016"	"0"
"803375370011639815"	"X"	"qu'est c'est doux pnl"	"Tue Nov 29 00:09:48 CET 2016"	"4"
"803371497498746880"	"ğŸ“¿"	"moi j'aime bien pnl ğŸ™„ğŸ™„ğŸ™„"	"Mon Nov 28 23:54:25 CET 2016"	"4"
"803370912003321857"	"ok manny"	"nn pas pnl merci bien"	"Mon Nov 28 23:52:05 CET 2016"	"0"
"803374095710748674"	"Rhys"	"j att jour mlevant yaura bonnes nouvelles jpp jvais dormir jamais"	"Tue Nov 29 00:04:45 CET 2016"	"0"
"803373444603768833"	"Rforadream"	"faut qu'on aille chercher frÃ¨re jpp"	"Tue Nov 29 00:02:09 CET 2016"	"0"
"803372964292988930"	"CaÑˆa"	"mskn gars a sorti i ca a chamboulÃ© monde mathÃ©matiques jpp jsuis dÃ©sespÃ©rÃ©"	"Tue Nov 29 00:00:15 CET 2016"	"0"
"803376541233192960"	"JoJo"	"film bon gros gÃ©ant est pires navets derniÃ¨res annÃ©es oui j'inclus l'annÃ©e est sorti twilight"	"Tue Nov 29 00:14:28 CET 2016"	"0"
"803375931549163520"	"æµ®ç«¹ åå››éƒ"	"ya suite assassination classroom film vient sortir savent c'est ans aprÃ¨s l'histoire manga"	"Tue Nov 29 00:12:02 CET 2016"	"2"
"803375835336081417"	"Volkan SOOWW !!"	"jlai vu fois regardez kanal d ya film pardon c feu"	"Tue Nov 29 00:11:39 CET 2016"	"4"
"803375742197305344"	"ğŸ’"	"l'emprise film bouleversant"	"Tue Nov 29 00:11:17 CET 2016"	"4"
"803375493504438272"	"Olydri transmÃ©dia"	"fans quÃ©bÃ©cois avantpremiÃ¨re noob film est possible montrÃ©al si on atteint assez prÃ©ventes"	"Tue Nov 29 00:10:18 CET 2016"	"2"
"803375464752566273"	"Mela"	"bon c'est y'a bon film d'horreur cinÃ©"	"Tue Nov 29 00:10:11 CET 2016"	"2"
"803377562948947968"	"GogoMachin"	"arrÃªt procÃ©dures judiciaires clause dÃ©rogatoire doit Ãªtre envisagÃ©e dit pq via"	"Tue Nov 29 00:18:31 CET 2016"	"2"
"803377529524539392"	"yactusfrance"	"dÃ©brief politique hollande valls ira primaire"	"Tue Nov 29 00:18:23 CET 2016"	"2"
"803377360913448960"	"normand jean"	"justin trudeau n'ira pas funÃ©railles fidel castro via"	"Tue Nov 29 00:17:43 CET 2016"	"2"
"803376548153794560"	"Jason D."	"dÃ©brief politique hollande valls ira primaire politique"	"Tue Nov 29 00:14:29 CET 2016"	"2"
"803372689679327232"	"JUST SMOKE IT"	"amour terre n est pas plus grande sarkozy"	"Mon Nov 28 23:59:09 CET 2016"	"0"
"803377957351944192"	"Fanfan"	"faudrait pacte gouvernance signÃ© partis place publique sauver pays"	"Tue Nov 29 00:20:05 CET 2016"	"2"
"803377504010506240"	"Sophia"	"comment mdegoute gens traite pays on devrait retirer nationalitÃ© wlh"	"Tue Nov 29 00:18:17 CET 2016"	"0"
"803377224988631040"	"Ciny"	"j'ai grave envie changer pays zapper monde"	"Tue Nov 29 00:17:11 CET 2016"	"0"
"803618004248522752"	"EMMA VA VOIR SHAWN!!"	"l'eau trop chaude sachet thÃ© ont meme pas ecrit prenom merci starbuck"	"Tue Nov 29 16:13:57 CET 2016"	"0"
"805065010342924289"	"chyler"	"aprem vois enfin chien belle mÃ¨re j'suis top vie trop hÃ¢te vais faire cÃ¢lins week end lÃ "	"Sat Dec 03 16:03:50 CET 2016"	"4"
"803353696138567680"	"HoriaMarieEmmyJeremâ¤"	"jadooorreee vlogs roxane chaÃ®ne milababychou ğŸ‘Œ"	"Mon Nov 28 22:43:41 CET 2016"	"4"
"805065319823843328"	"So"	"pensais j'allais passer journÃ©e merde demain enfaite non c'est week end"	"Sat Dec 03 16:05:04 CET 2016"	"0"
"805059062173990912"	"eihpos"	"chien est bout vie triste rÃ©alitÃ©"	"Sat Dec 03 15:40:12 CET 2016"	"0"
"805066163352903680"	"ade"	"jsuis trop heureuse ğŸ˜­ğŸ˜­ğŸ˜"	"Sat Dec 03 16:08:25 CET 2016"	"4"
"805065980963594240"	"â°"	"aller salon cheval voir patrice delaveau Ãªtre plus heureuse cavaliÃ¨res ğŸ˜ŒğŸ‡«ğŸ‡·ğŸ´"	"Sat Dec 03 16:07:41 CET 2016"	"4"
"805064498663067648"	"Hermione"	"papa l'aime trop entendre voix tÃ©lÃ©phone rend tellement heureuseğŸ˜¢"	"Sat Dec 03 16:01:48 CET 2016"	"4"
"805063835476434945"	"loulou"	"putain m'Ã©nerve gens Ã©goÃ¯stes pensent qu'Ã  gueules"	"Sat Dec 03 15:59:10 CET 2016"	"0"
"805067673822461953"	"einna"	"j'ai tenue noÃ«l nouvel an cadeau j'suis contente c'est faitğŸ˜½ğŸ˜½"	"Sat Dec 03 16:14:25 CET 2016"	"4"
"805067644957237249"	"Stephane Bohbot"	"objets connectÃ©s vont cartonner noÃ«l via"	"Sat Dec 03 16:14:18 CET 2016"	"2"
"805067399967993857"	":)"	"faut j'aille a primark m'acheter pull noel"	"Sat Dec 03 16:13:20 CET 2016"	"2"
"805061408060805122"	"jay loves zayn â“‹"	"meilleure amie part mois amÃ©rique an pleure dÃ©jÃ "	"Sat Dec 03 15:49:31 CET 2016"	"0"
"805068991731417089"	"Kass"	"j'ai trop mal ventre j'en peux plus"	"Sat Dec 03 16:19:39 CET 2016"	"0"
"805068988589965312"	"joe"	"j'ai mal coeur jme retiens tellement fort pleurer"	"Sat Dec 03 16:19:38 CET 2016"	"0"
"805068956864114690"	"ğŸŒ´"	"j'ai mal partout"	"Sat Dec 03 16:19:31 CET 2016"	"0"
"805068970365698048"	"A"	"imaginez journÃ©e futur"	"Sat Dec 03 16:19:34 CET 2016"	"2"
"805070660804505601"	"ğŸ‘‘"	"bon j'vais faire poulet kfc"	"Sat Dec 03 16:26:17 CET 2016"	"2"
"805067104198262784"	"ğŸŒ¸"	"suis kfc soeur"	"Sat Dec 03 16:12:09 CET 2016"	"2"
"805067027937447936"	"Alexis Fontana"	"partiel droit lundi"	"Sat Dec 03 16:11:51 CET 2016"	"2"
"805071351950221313"	"barb_yeuh"	"viens d'utiliser carte auchan calais"	"Sat Dec 03 16:29:02 CET 2016"	"2"
"805040321008726016"	"AUCHAN Saint-Omer ğŸ„"	"fait demain sommes ouverts journÃ©e"	"Sat Dec 03 14:25:44 CET 2016"	"2"
"805072689950031872"	"sans-draps"	"franchement soirÃ©e c'Ã©tait tuerie retour min gros ğŸ˜¬"	"Sat Dec 03 16:34:21 CET 2016"	"4"
"805072011672293378"	"Shokedesu"	"soirÃ©e chiante perspective"	"Sat Dec 03 16:31:39 CET 2016"	"0"
"805189168422940673"	"laurine"	"joyeux anniversaire montagne fleur champs t'embrasse trÃ¨s fort t'aime"	"Sun Dec 04 00:17:12 CET 2016"	"4"
"805187604341788676"	"Marie ğŸ”¬"	"peu deux j'aime vraiment montagne"	"Sun Dec 04 00:10:59 CET 2016"	"4"
"805187322392309761"	"Moustache de souris"	"putain j'Ã©tais indiens ont jamais vus chose montagne suis dÃ©goutÃ©e"	"Sun Dec 04 00:09:51 CET 2016"	"0"
"805180721442721794"	"ElisaH"	"gilbert montagnÃ© outrÃ© campagnes Ã©lectoralesqu'il nâ€™y ait pas mot solutions apporter handicapÃ©s"	"Sat Dec 03 23:43:38 CET 2016"	"0"
"805175964292489216"	"â™ˆï¸egeta"	"vivement parte montagne c'est tt famille retrouve ğŸ™ğŸ¼"	"Sat Dec 03 23:24:43 CET 2016"	"4"
"805201068649041920"	"JeSuisCharlie"	"devriez avoir honte fonction prÃ©sident dÃ©truite sarkozy Ã©tÃ© relevÃ© vous rabaissez"	"Sun Dec 04 01:04:29 CET 2016"	"0"
"805210862873100289"	"ã€ŒKazyã€"	"l'eau chocolat ya rien mieux requinquer matin"	"Sun Dec 04 01:43:24 CET 2016"	"4"
"805208677095448576"	"Yasmina"	"j'ai enfin regardÃ© divines un film transperce Ã©motions rare cinÃ©ma franÃ§ais divines bravo"	"Sun Dec 04 01:34:43 CET 2016"	"4"
"805207856240857090"	"augu"	"on a beau critiquer cinÃ©ma franÃ§ais benoit magimel rÃ´le bad boy eh bah est vachement sexy"	"Sun Dec 04 01:31:27 CET 2016"	"4"
"805211472976576512"	"JJ ğŸ³ï¸â€ğŸŒˆ"	"classe fabuleux destin d'amelie poulain deuxiÃ¨me film prÃ©fÃ©rÃ©"	"Sun Dec 04 01:45:49 CET 2016"	"4"
"805210927259938828"	"camille"	"film nerve est grave bien"	"Sun Dec 04 01:43:39 CET 2016"	"4"
"805210539756490752"	"Mirna Voda"	"tellement base film"	"Sun Dec 04 01:42:07 CET 2016"	"4"
"805210186667401216"	"888888838883888888"	"film mÃ©rite oscar merci gens change idÃ©es"	"Sun Dec 04 01:40:43 CET 2016"	"4"
"805209830361354240"	"Cristiano Ronaldo"	"si c'est tolÃ©rÃ© j'ose pas imaginer prochain film"	"Sun Dec 04 01:39:18 CET 2016"	"0"
"805212691585495040"	"TB Star"	"richesse c'est nature ne faut pas toucher si on veut conserver"	"Sun Dec 04 01:50:40 CET 2016"	"2"
"805208519146344448"	"nonnie"	"merci nature d'Ãªtre lÃ  merci vie merci ciel"	"Sun Dec 04 01:34:05 CET 2016"	"4"
"805200459510190080"	"aWestIndianğŸŒº"	"m'arrive temps maman suis tÃªtue nature ğŸ™„ğŸ™„ğŸ™„"	"Sun Dec 04 01:02:04 CET 2016"	"2"
"805207887798763520"	"L'Ã«spÄgÅ„Ãµl"	"amipote j'suis dÃ©solÃ© a pas valeur ğŸ˜Œ"	"Sun Dec 04 01:31:35 CET 2016"	"2"
"805205831021195265"	"GEâ€¢Jâ€¢Ortiz"	"objet valeur tu prends soin c'est pareil personne ğŸ’«"	"Sun Dec 04 01:23:24 CET 2016"	"2"
"805200059818250240"	"Le Cahier"	"robe c'est valeur sÃ»re on opte look plus chic"	"Sun Dec 04 01:00:28 CET 2016"	"2"
"805213576453586944"	"Yoongi pas cuit"	"troisiÃ¨me film embraye direct prochain voooois"	"Sun Dec 04 01:54:11 CET 2016"	"2"
"805212774255198208"	"FranÃ§ois Pouhyet"	"j'viens regarder film crise subprimes m'a dÃ©goÃ»tÃ© systÃ¨me financier frauduleux capitalisme"	"Sun Dec 04 01:51:00 CET 2016"	"0"
"805212405248786432"	"MÃ©lanie Blanchard"	"Ã©tait trop bien film qu'on est aller voir âœŒopression"	"Sun Dec 04 01:49:32 CET 2016"	"4"
"805211927588831232"	"Lyne ...âœ˜"	"cherche film regarder"	"Sun Dec 04 01:47:38 CET 2016"	"2"
"805210840551006208"	"shiä¸‹asai"	"parlez pas batman vs superman moi c'est film bannir"	"Sun Dec 04 01:43:19 CET 2016"	"0"
"805210676591476736"	"Diana Bullen"	"film minets danny joue jeu video determine"	"Sun Dec 04 01:42:40 CET 2016"	"2"
"805210314157518848"	"ã®ã¿ ğŸâ˜”ï¸"	"c'est surtout chacun pomme guerre encore leÃ§on tirer film"	"Sun Dec 04 01:41:13 CET 2016"	"4"
"805102731648233473"	"VDNDouai"	"douai nichoir faucon pÃ¨lerin installÃ© haut beffroi"	"Sat Dec 03 18:33:43 CET 2016"	"2"
"805081075609440257"	"SSwaggaholic"	"fantomes mfandena apres avoir combattu faucon droit venu lagos s'activent dejacmrnig awcon canfem"	"Sat Dec 03 17:07:40 CET 2016"	"2"
"805071277383970816"	"Amel'"	"soir parents font hamburgers"	"Sat Dec 03 16:28:44 CET 2016"	"2"
"805033876112502785"	"Ã‰ditions AdA"	"aujourd'hui benjamin faucon auteur parle nouvelle sÃ©rie sonia alain auteure prÃ©parezvous Ã "	"Sat Dec 03 14:00:07 CET 2016"	"2"
"805212805892861953"	"TB Star"	"sociÃ©tÃ© dÃ©finit langue structure donne signification informations qu'on Ã©change"	"Sun Dec 04 01:51:07 CET 2016"	"2"
"805211899445051392"	"sasa"	"jme suis bruler langue thÃ©"	"Sun Dec 04 01:47:31 CET 2016"	"2"
"805209237962031104"	"King DarioğŸ‘‘"	"l'arabe littÃ©raire c'est plus belle langue"	"Sun Dec 04 01:36:57 CET 2016"	"4"
"805208258524778496"	"faucher gisÃ¨le"	"a Ã©tÃ© dÃ©crite chef pas trÃ¨s intelligente langue boisconfirmation"	"Sun Dec 04 01:33:03 CET 2016"	"0"
"805372332088893440"	"[ ANTI FDP â›”ï¸]"	"fais marcher tranquille tombe salle gueule famille clochard"	"Sun Dec 04 12:25:01 CET 2016"	"0"
"805370590551015424"	"CAROLINE"	"suis train laisser fauteuil louis xv trottoir n'ai pas assez force marcher c'est triste"	"Sun Dec 04 12:18:06 CET 2016"	"0"
"805370440055189504"	"Maelle"	"faut j'aille marcher noÃ«l moi vrai"	"Sun Dec 04 12:17:30 CET 2016"	"2"
"805370228280610816"	"EuphÃ©lie.ğŸ’«"	"hier j'ai payer pizza a marie Ã©tais bout d'sa vie c'etais pu lune jlui avais offert l'univers"	"Sun Dec 04 12:16:40 CET 2016"	"4"
"805369215922356224"	"jm rire"	"pere acheter pizza baconces premiÃ¨re fois vie suis confronter a genre situation"	"Sun Dec 04 12:12:38 CET 2016"	"2"
"805369023361875969"	"Le manifeste."	"c'est chips pizza ca pouvez m'en offrir d'ailleurs"	"Sun Dec 04 12:11:52 CET 2016"	"2"
"805364832589533184"	"Am"	"j'ai passÃ© trop bonne soirÃ©e bowling pizza faire dÃ©couvrir er harry potter pote c'Ã©tait trop bieeeen"	"Sun Dec 04 11:55:13 CET 2016"	"4"
"805372651757780992"	"skydive, pingpong"	"g encore changÃ© dÃ©co chambre"	"Sun Dec 04 12:26:17 CET 2016"	"2"
"805372256163655686"	"3oid (Greg Santana)"	"co twitter j vois connerie j veut deja dÃ©co"	"Sun Dec 04 12:24:43 CET 2016"	"0"
"805371891552845824"	"o|ivier ğŸ†—"	"on a profitÃ© regarder catalogue maison monde on a vu pleins meubles dÃ©co l'appart ğŸ™‚ğŸ‘ŒğŸ¼"	"Sun Dec 04 12:23:16 CET 2016"	"4"
"805370904142286848"	"â˜‚"	"bon vacances j'ai envie changer dÃ©co chambre j'ai dÃ©jÃ  petites idÃ©es pepitas"	"Sun Dec 04 12:19:21 CET 2016"	"2"
"805367105570873344"	"may ğŸŒˆ safjze"	"j'apprÃ©cie l'aide soeur deco est vraiment wow"	"Sun Dec 04 12:04:15 CET 2016"	"4"
"805351238221041664"	"J.O.N."	"moi deteste vider si n'est pas moi l'ait rangÃ© trouve ca insupportable melanger n'importe comment"	"Sun Dec 04 11:01:12 CET 2016"	"0"
"805345885928521728"	"ğŸ‡¨ğŸ‡® J V S O N ğŸ‡¨ğŸ‡¦"	"femme enfants booba ont rien demander font mÃ©langer"	"Sun Dec 04 10:39:56 CET 2016"	"2"
"805341359418855424"	"fuck you bro"	"comment dÃ©teste j'prend hot chocolate ya quatre tonnes poudre c'est mÃ©langer l'eau wsh"	"Sun Dec 04 10:21:57 CET 2016"	"2"
"805329600603680768"	"Prince Dastan"	"non j'avoue boÃ®tes portugais c plus moi peux pas mÃ©langer suis forme race supÃ©rieur face"	"Sun Dec 04 09:35:13 CET 2016"	"0"
"805374782967599105"	"Myself"	"putain plus d'Ãªtre magnifique aime foot lrt"	"Sun Dec 04 12:34:46 CET 2016"	"4"
"805374737300029444"	"laure6ï¸âƒ£"	"jsuis deg pas aller foot reviser vais avoir notes merde ğŸ˜‘ğŸ–•ğŸ»"	"Sun Dec 04 12:34:35 CET 2016"	"0"
"805374233010442243"	"toute petite"	"mÃ¨re m'a acheter affaires foot"	"Sun Dec 04 12:32:34 CET 2016"	"2"
"805354538085609472"	"Salat Abdos et Slam"	"couscousix mangent merguez lait candia"	"Sun Dec 04 11:14:19 CET 2016"	"2"
"805249782671351808"	"ãƒ‡ã‚£ã‚ªã‚´"	"jvais m'faire merguez avc frites maison"	"Sun Dec 04 04:18:03 CET 2016"	"2"
"805351585299701760"	"Dfc Malek"	"j'en ai marre jme suis fait arnaque personne veut echange compte niker grosse pute s'de mere s voleur compte dokkanbattle"	"Sun Dec 04 11:02:35 CET 2016"	"0"
"805339244390715392"	"JÃ©rÃ©my | Loko"	"plait bien extension petit coup coeur voleur jade nzoth"	"Sun Dec 04 10:13:32 CET 2016"	"4"
"805333359274655744"	"Police24_7"	"sale temps voleurs roulotte voleur police"	"Sun Dec 04 09:50:09 CET 2016"	"0"
"805322321959518208"	"John"	"pÃ©trole appartient irakien armÃ©e us tu va dÃ©gagÃ© trÃ¨s bientÃ´t sale voleur la colonisation est rÃ©volu"	"Sun Dec 04 09:06:18 CET 2016"	"0"
"805376429475106816"	"cold-hearted"	"j'ai toujours paire chaussure plate voitures conduire"	"Sun Dec 04 12:41:18 CET 2016"	"2"
"805377109929717760"	"Boolafa VII"	"belle mÃ¨re veut nouveau chat â¤â¤â¤â¤"	"Sun Dec 04 12:44:00 CET 2016"	"4"
"805376848091840512"	"My'"	"chat comment s'en bat couilles compte c'est bouf ğŸ˜‘"	"Sun Dec 04 12:42:58 CET 2016"	"0"
"805377180989616128"	"always on fleek"	"j'ai haine truc chien"	"Sun Dec 04 12:44:17 CET 2016"	"0"
"805377109044723712"	"Ascagne"	"lieu tirer chien m'attend marche pied est con ğŸ˜­ğŸ˜­"	"Sun Dec 04 12:44:00 CET 2016"	"0"
"805376830152835072"	"Usine Ã  morve 2"	"suis malade chien semaine semaine l'enfer karma dÃ©teste"	"Sun Dec 04 12:42:54 CET 2016"	"0"
"805376915171377152"	"froidauxmainssamere"	"on va commencer julie jtaime tellement pas si tu passe lÃ  stp l'argent t'es clopes radinne achÃ¨te potes"	"Sun Dec 04 12:43:14 CET 2016"	"0"
"805375946522054657"	"Marina."	"papounet m'as donner l'argent poche"	"Sun Dec 04 12:39:23 CET 2016"	"4"
"806052287458185216"	"Baz'art"	"irreprochable de sort ce jour en dvd l'occasion de revenir sur cet excellent film"	"Tue Dec 06 09:26:55 CET 2016"	"4"
"806052103277920257"	"panserbjorne"	"quand nelly va au cinema avec les garÃ§ons elle est assimilÃ© a la princesse du film quand c'est moi on dit que je suis l'enchanteresse"	"Tue Dec 06 09:26:11 CET 2016"	"2"
"807311665595289601"	"SÃ©bastien NEDJAR"	"aprÃ¨s les robots prÃ©sentation d'un framework de rÃ©alitÃ© virtuelle par"	"Fri Dec 09 20:51:14 CET 2016"	"2"
"807335786148495360"	"Princesse Albertini"	"l'angoisse que j'ai vÃ©cu cette soirÃ©e vous m'avez dÃ©goÃ»tÃ©s du foot"	"Fri Dec 09 22:27:05 CET 2016"	"0"
"807335383851823104"	"Nina Dobrev France"	"je reprend donc ce compte et pour mon retour une petite vidÃ©o de nina a une soirÃ©e pyjama chez une amie a elle el"	"Fri Dec 09 22:25:29 CET 2016"	"2"
"807336520264937474"	"â„ï¸Priscillaâ„ï¸"	"mon goal avant la fin de l'annÃ©e c'est d'avoir le follow de me demandez pas pourquoi"	"Fri Dec 09 22:30:00 CET 2016"	"2"
"807337804279726080"	"foxoo Var"	"concert de noÃ«l et anniversaire dimanche dÃ©c h solliestoucas infos â–¶"	"Fri Dec 09 22:35:06 CET 2016"	"2"
"807337610502930433"	"~Anne-Charlotte~"	"ce n'est pas la somme d'argent que t'as mis dans mon cadeau qui compte c'est l'intention et ta prÃ©sence ğŸ˜"	"Fri Dec 09 22:34:20 CET 2016"	"4"
"807337234441637888"	"marie"	"je viens d'annoncer Ã  ma mÃ¨re que je pense avoir perdu ma montre elle m'as dit si tu la retrouv pas demain tu n'auras pas de cadeau de noÃ«l"	"Fri Dec 09 22:32:50 CET 2016"	"0"
"807337228942839809"	"ChloÃ© 2ï¸âƒ£9ï¸âƒ£"	"avoir un diaporama de toute son enfance par sa maman pour ses ans c'est bien l'un des plus beaux cadeau de ce monde ğŸ˜â¤ï¸"	"Fri Dec 09 22:32:49 CET 2016"	"4"
"807338677667905536"	"Football.fr"	"des nouveaux horaires Ã  partir de"	"Fri Dec 09 22:38:35 CET 2016"	"2"
"807338068655083520"	"moundir"	"voilÃ  Ã  quoi sert ma petite notoriÃ©tÃ© Ã  rendre heureux les enfants que j'aime tant merci"	"Fri Dec 09 22:36:09 CET 2016"	"4"
"807340094776635392"	"Adrien"	"les rÃ©trospectives sur facebook lÃ  pour te rappeler que t'as une vie de merde"	"Fri Dec 09 22:44:12 CET 2016"	"0"
"807339505669828608"	"7"	"les vidÃ©os facebook non c'est non"	"Fri Dec 09 22:41:52 CET 2016"	"0"
"807341770816290816"	"South America Guides"	"une descente ensablÃ©e dans les dunes du pÃ©rou via"	"Fri Dec 09 22:50:52 CET 2016"	"2"
"807341758984126464"	"Koh-Lanta"	"benoÃ®t choisi jesta pour l'accompagner en finale kohlanta"	"Fri Dec 09 22:50:49 CET 2016"	"2"
"807335068821782529"	"Ye"	"parfois j'ai envie de poster des photos sur insta mais je me dis que Ã§a va plaire Ã  personne"	"Fri Dec 09 22:24:14 CET 2016"	"0"
"807341877028671488"	"Math"	"ok j'avais un partiel d'Ã©co cette aprem je le savais mÃªme pas"	"Fri Dec 09 22:51:17 CET 2016"	"0"
"807341167109083137"	"Juju"	"c'est pas comme si demain matin on avait encore partiel ğŸ™„"	"Fri Dec 09 22:48:28 CET 2016"	"0"
"807341026486734848"	"tisane"	"quelle joie d'avoir un partiel le samedi matin"	"Fri Dec 09 22:47:55 CET 2016"	"0"
"807343093401944064"	"Lauttiga"	"je tousse toute les min d'une toux sÃ¨che ğŸ˜“ le weekend va Ãªtre long"	"Fri Dec 09 22:56:07 CET 2016"	"0"
"807341436568006656"	"drt"	"je suis malade comme un chien demain en ds tout le monde va m'insulter quand je vais me moucher"	"Fri Dec 09 22:49:32 CET 2016"	"0"
"807341104400056320"	"Meuf Conceptuelle"	"j'ai faillis faire un arrÃªt cardiaque devant ce clown de merde la ncis"	"Fri Dec 09 22:48:13 CET 2016"	"0"
"807332114232446976"	"SÃ©bastien"	"je n'avais pas vu l'Ã©pisode dans lequel bishop rencontre gibbs et toute la team intÃ©ressant ncis"	"Fri Dec 09 22:12:30 CET 2016"	"2"
"807320929374236672"	"Rocket.ZÃ©ro.FZ-Gangâ¤"	"ncis c'est vraiment la meilleure sÃ©rie"	"Fri Dec 09 21:28:03 CET 2016"	"4"
"807349717206179841"	"Faye ğŸ’€"	"pendant la pÃ©riode de de noÃ«l ya rien de mieux que maman j'ai ratÃ© l'avion indiscutable"	"Fri Dec 09 23:22:27 CET 2016"	"4"
"807352008084701184"	".mereJ"	"cara et margot robbie dans le mÃªme film c'est beau putain"	"Fri Dec 09 23:31:33 CET 2016"	"4"
"807312114566201345"	"Que Safoda â—ï¸"	"de pire en pire jsuis dÃ©borde ğŸ˜‚ğŸ˜‚ğŸ˜‚ğŸ˜‚"	"Fri Dec 09 20:53:01 CET 2016"	"0"
"807353540113002496"	"Jean Roulin"	"la pire des erreurs est de ne rien faire lorsque vous ne pouvez que faire peu faites ce que vous pouvez sydneysmith"	"Fri Dec 09 23:37:38 CET 2016"	"2"
"807353343580471296"	"Eudo"	"et dire que nouvel an Ã§a va Ãªtre pire mdrr"	"Fri Dec 09 23:36:51 CET 2016"	"4"
"807319491336146944"	"Maud"	"ils gardent toujours un boulet pour pas se griller Ã  l'orientation ils ont bien choisi cette gourde de kohlanta"	"Fri Dec 09 21:22:20 CET 2016"	"0"
"807274547162607616"	"EnVertEtContreTout"	"un cadeau de noÃ«l pratique et sans plastiquequoi de plus appropriÃ© qu'une gourde pour se passer des"	"Fri Dec 09 18:23:45 CET 2016"	"2"
"807189239175802880"	"Stickos"	"j'vais m'acheter une gourde pour picoler en scred dans le mÃ©tro"	"Fri Dec 09 12:44:46 CET 2016"	"4"
"806822739583651842"	"Com. Urbaine Arras"	"une mandoline fabriquÃ©e Ã  partir dâ€™une gourde dâ€™une soldat franÃ§ais et avec des douilles de balles allemandes"	"Thu Dec 08 12:28:25 CET 2016"	"2"
"807343368284045312"	"Brandy ğŸŒ·"	"je veux trop repartir faire mes ballades Ã  vÃ©lo et ensuite aller Ã  la plage"	"Fri Dec 09 22:57:13 CET 2016"	"4"
"807342043320164352"	"Ju"	"mon pÃ¨re il a achetÃ© un nouveau velo il en a dÃ©jÃ "	"Fri Dec 09 22:51:57 CET 2016"	"2"
"807341780429664261"	"Lucie"	"c'est trop mignon ta fossette c'est pas une fossette c'est une cicatrice je suis tombÃ©e en vÃ©lo a okÃ©"	"Fri Dec 09 22:50:54 CET 2016"	"0"
"805886975429537792"	"ali"	"lola dubini Ã  l'heure d'aujourd'hui"	"Mon Dec 05 22:30:02 CET 2016"	"2"
"807354425186648064"	"Jason"	"boulanger une profession en pleine Ã©volution economie"	"Fri Dec 09 23:41:09 CET 2016"	"2"
"807300248074735616"	"Valou Modeuze"	"ce soir c'est raclette party avec les copines merci boulanger on va se rÃ©galer et merci"	"Fri Dec 09 20:05:52 CET 2016"	"4"
"807364761767866368"	"â„ï¸"	"mon pere Ã  achetÃ© de la glaceje fouille plus rien mon connard de frere Ã  tout mangÃ© from ğŸ’– to ğŸ’” real quick"	"Sat Dec 10 00:22:13 CET 2016"	"0"
"807357407500320769"	"momodu94"	"quick a h c'est pas commun"	"Fri Dec 09 23:53:00 CET 2016"	"2"
"807354553159086080"	"Marli"	"steak frites ou cordon bleu pÃ¢tes â€” steak frites"	"Fri Dec 09 23:41:40 CET 2016"	"2"
"807352176100200448"	"Siichouâœ¨"	"les fritesğŸ˜» alÃ lÃ  cest le bonheurğŸ’¯"	"Fri Dec 09 23:32:13 CET 2016"	"4"
"807366412612370433"	"Johanna KV~Berywam"	"ma niÃ¨ce prÃ©fÃ¨re faire des dessins sur snap que de dormir j'en ai marre de cette gosse ğŸ™„ğŸ˜‚ğŸ˜‚"	"Sat Dec 10 00:28:47 CET 2016"	"0"
"807364474063699968"	"Âªli"	"hÃ¢te le gros ds de h dmn alors que j'suis tjrs pas couchÃ©e et que j'ai pas ouvert un seul cahier"	"Sat Dec 10 00:21:05 CET 2016"	"0"
"807356598591062017"	"Lou"	"des fois la nuit j'me lÃ¨ve et j'Ã©cris Ã  l'heure d'aujourd'hui j'ai des pages entiÃ¨re sur un vieux cahier"	"Fri Dec 09 23:49:47 CET 2016"	"2"
"807366162208198657"	"â€¢ 1997 â€¢"	"qui va manger de la salade avec de la banane"	"Sat Dec 10 00:27:47 CET 2016"	"2"
"807367127606902785"	"Frida Anbar"	"il y a ans je lui avais prÃ©parÃ© une bÃ»che de noÃ«l au chocolat un souvenir sucrÃ© qui est devenu si amer aujourdâ€™hui movingon"	"Sat Dec 10 00:31:38 CET 2016"	"0"
"807365747466964992"	"dodinval marc"	"millions d'enfants mis au travail forcÃ© pour votre chocolat"	"Sat Dec 10 00:26:08 CET 2016"	"0"
"807365656953942017"	"meredith"	"j'suis dans mon lit avec ma soeur et mon chat un disney et mon papa qui nous apporte une plaque de chocolat si c'est pas parfait"	"Sat Dec 10 00:25:47 CET 2016"	"4"
"807365352040656900"	"ğŸ…°ndrÃ©a"	"la paye elle fait plaisir ğŸ˜ğŸ‰"	"Sat Dec 10 00:24:34 CET 2016"	"4"
"807294735102648320"	"love u louis â™¡"	"je m'appelle valentin j'aime le kiri"	"Fri Dec 09 19:43:58 CET 2016"	"2"
"806915367331364864"	"KTH"	"les gens qui arrivent Ã  rÃ©partir leur kiri goÃ»ter sur les bÃ¢tonnets correctement vous faites comment les autres dÃ®tes pas svp"	"Thu Dec 08 18:36:29 CET 2016"	"2"
"807368552487550976"	"Fanzadams |-/"	"un grand bravo pour ton magnifique parcours tu as tout gagnÃ© finalement car tu repars en coupleğŸ˜‰ğŸ˜ğŸ˜ŠğŸ˜˜ğŸ˜˜"	"Sat Dec 10 00:37:17 CET 2016"	"4"
"807368383935250432"	"Chacha Dance"	"mon petit bÃ©bÃ© qui vient me faire un cÃ¢lin des que j'Ã©teins la lumiÃ¨re Ã  croire qu'elle sait qu'un gros calinou l'attend ğŸ­â¤"	"Sat Dec 10 00:36:37 CET 2016"	"4"
"807367654847746048"	"Eul'DKpsuleur"	"j'y crois toujours pas putain j'veux pas y croire je vais trÃ¨s mal dormir"	"Sat Dec 10 00:33:43 CET 2016"	"0"
"807366520686911489"	"Hoshi."	"me faites pas croire que vous dormez"	"Sat Dec 10 00:29:13 CET 2016"	"2"
"807356860219199489"	"mao"	"tu prÃ©fÃ¨rerais Ãªtre une pomme ou une poire â€” une pomme"	"Fri Dec 09 23:50:50 CET 2016"	"2"
"807276400826863616"	"artichoke me"	"je vais vraiment finir par Ãªtre froide avec tout le monde marre d'Ãªtre la bonne poire"	"Fri Dec 09 18:31:07 CET 2016"	"0"
"807368883258720256"	"Pelo"	"la nuance c'est important c'est quelque chose qui se partage tout n'est pas noir ou blanc nuanceencore faut il la percevoir"	"Sat Dec 10 00:38:36 CET 2016"	"2"
"807340236397301760"	"alliâš¡ï¸"	"vivement le fÃ©vrier pour nuance plus sombreğŸ˜ğŸ˜…"	"Fri Dec 09 22:44:46 CET 2016"	"4"
"807371701210284032"	"D Y D Y â„ï¸"	"un petit message au moins le soir je sais pas meme si t'as eu une journÃ©e chargÃ©e montre que j'te manque j'sais pas"	"Sat Dec 10 00:49:48 CET 2016"	"0"
"807371356866281472"	"Nico"	"j'envoie pas le premier message non plus â€” je vais faire un effort maintenant"	"Sat Dec 10 00:48:26 CET 2016"	"2"
"807371126401826816"	"â™±"	"ce genre de message qui te dÃ©chirent le cÅ“ur"	"Sat Dec 10 00:47:31 CET 2016"	"0"
"807361330609065988"	"Margaux"	"j'ai achetÃ© une nouvelle bougie merci lidl ehe lidlmoncopain qui sent trop bon noel et le sucrÃ© du coup j'ai faim tout le temps"	"Sat Dec 10 00:08:35 CET 2016"	"4"
"807367342204325888"	"Yopako"	"j'ai un bon gros rhume et malgrÃ© les mÃ©docs que je prend j'arrive pas Ã  dormir et je me lÃ¨ve dans h je suis dans la merde xd"	"Sat Dec 10 00:32:29 CET 2016"	"0"
"807358048712978433"	"HÃ©lo"	"j'ai beau mettre couche de vÃªtements j'ai toujours un rhume en hiver"	"Fri Dec 09 23:55:33 CET 2016"	"0"
"807336153204531200"	"Audrey"	"merci julien et flora pour le rhume c'est grave cool"	"Fri Dec 09 22:28:33 CET 2016"	"0"
"807371878713147392"	"BIBA"	"kfc sort une bougie Ã  la senteur poulet frit en nouvellezÃ©lande"	"Sat Dec 10 00:50:30 CET 2016"	"2"
"807343499628728321"	"Wallace"	"ma fille a trouvÃ© une bougie senteur de pet de licorne apparemment Ã§a se vend"	"Fri Dec 09 22:57:44 CET 2016"	"2"
"806551351413108736"	"Envido"	"enfin un petit plaisir sans calorie avant noÃ«l la marque payot et sa gamme performance on craque dÃ©jÃ  pour"	"Wed Dec 07 18:30:01 CET 2016"	"4"
"804711182485561345"	"Tainted Love"	"il n'y a pas de calorie au centre d'un donut"	"Fri Dec 02 16:37:51 CET 2016"	"2"
